{
    "USDT>USD": {
        "base": 0.004,
        "tiers": [
            {
                "limit": 5000,
                "charge": 0.006
            },
            {
                "limit": 10000,
                "charge": 0.0055
            },
            {
                "limit": "Infinity",
                "charge": 0.005
            }
        ]
    },
    "USDT>SGD": {
        "base": 0.006,
        "tiers": [
            {
                "limit": 5000,
                "charge": 0.006
            },
            {
                "limit": 10000,
                "charge": 0.0055
            },
            {
                "limit": "Infinity",
                "charge": 0.005
            }
        ]
    },
    "USDT>HKD": {
        "base": 0.005,
        "tiers": [
            {
                "limit": 5000,
                "charge": 0.008
            },
            {
                "limit": 10000,
                "charge": 0.0075
            },
            {
                "limit": "Infinity",
                "charge": 0.007
            }
        ]
    },
    "USDT>EUR": {
        "base": 0.005,
        "tiers": [
            {
                "limit": 5000,
                "charge": 0.008
            },
            {
                "limit": 10000,
                "charge": 0.0075
            },
            {
                "limit": "Infinity",
                "charge": 0.007
            }
        ]
    },
    "USDT>AUD": {
        "base": 0.005,
        "tiers": [
            {
                "limit": 5000,
                "charge": 0.008
            },
            {
                "limit": 10000,
                "charge": 0.0075
            },
            {
                "limit": "Infinity",
                "charge": 0.007
            }
        ]
    },
    "USDT>CNY": {
        "base": 0.008,
        "tiers": [
            {
                "limit": 5000,
                "charge": 0.012
            },
            {
                "limit": 10000,
                "charge": 0.011
            },
            {
                "limit": "Infinity",
                "charge": 0.01
            }
        ]
    },
    "USDT>THB": {
        "base": 0.0055,
        "tiers": [
            {
                "limit": 5000,
                "charge": 0.0085
            },
            {
                "limit": 10000,
                "charge": 0.008
            },
            {
                "limit": "Infinity",
                "charge": 0.0075
            }
        ]
    },
    "USDT>MYR": {
        "base": 0.01,
        "tiers": [
            {
                "limit": 5000,
                "charge": 0.014
            },
            {
                "limit": 10000,
                "charge": 0.0135
            },
            {
                "limit": "Infinity",
                "charge": 0.013
            }
        ]
    },
    "USDT>JPY": {
        "base": 0.0343,
        "tiers": [
            {
                "limit": 5000,
                "charge": 0.038
            },
            {
                "limit": 10000,
                "charge": 0.0375
            },
            {
                "limit": "Infinity",
                "charge": 0.037
            }
        ]
    },
    "USDT>PHP": {
        "base": 0.018,
        "tiers": [
            {
                "limit": 5000,
                "charge": 0.024
            },
            {
                "limit": 10000,
                "charge": 0.0235
            },
            {
                "limit": "Infinity",
                "charge": 0.023
            }
        ]
    },
    "USDT>INR": {
        "base": 0.0802,
        "tiers": [
            {
                "limit": 5000,
                "charge": 0.1
            },
            {
                "limit": 10000,
                "charge": 0.095
            },
            {
                "limit": "Infinity",
                "charge": 0.09
            }
        ]
    },
    "SGD>USDT": {
        "base": 0.006,
        "tiers": [
            {
                "limit": 5000,
                "charge": 0.006
            },
            {
                "limit": 10000,
                "charge": 0.0055
            },
            {
                "limit": "Infinity",
                "charge": 0.005
            }
        ]
    },
    "HKD>USDT": {
        "base": 0.005,
        "tiers": [
            {
                "limit": 5000,
                "charge": 0.008
            },
            {
                "limit": 10000,
                "charge": 0.0075
            },
            {
                "limit": "Infinity",
                "charge": 0.007
            }
        ]
    },
    "EUR>USDT": {
        "base": 0.005,
        "tiers": [
            {
                "limit": 5000,
                "charge": 0.008
            },
            {
                "limit": 10000,
                "charge": 0.0075
            },
            {
                "limit": "Infinity",
                "charge": 0.007
            }
        ]
    },
    "AUD>USDT": {
        "base": 0.005,
        "tiers": [
            {
                "limit": 5000,
                "charge": 0.008
            },
            {
                "limit": 10000,
                "charge": 0.0075
            },
            {
                "limit": "Infinity",
                "charge": 0.007
            }
        ]
    },
    "CNY>USDT": {
        "base": 0.008,
        "tiers": [
            {
                "limit": 5000,
                "charge": 0.012
            },
            {
                "limit": 10000,
                "charge": 0.011
            },
            {
                "limit": "Infinity",
                "charge": 0.01
            }
        ]
    },
    "THB>USDT": {
        "base": 0.0055,
        "tiers": [
            {
                "limit": 5000,
                "charge": 0.0085
            },
            {
                "limit": 10000,
                "charge": 0.008
            },
            {
                "limit": "Infinity",
                "charge": 0.0075
            }
        ]
    },
    "MYR>USDT": {
        "base": 0.01,
        "tiers": [
            {
                "limit": 5000,
                "charge": 0.014
            },
            {
                "limit": 10000,
                "charge": 0.0135
            },
            {
                "limit": "Infinity",
                "charge": 0.013
            }
        ]
    },
    "JPY>USDT": {
        "base": 0.0343,
        "tiers": [
            {
                "limit": 5000,
                "charge": 0.038
            },
            {
                "limit": 10000,
                "charge": 0.0375
            },
            {
                "limit": "Infinity",
                "charge": 0.037
            }
        ]
    },
    "PHP>USDT": {
        "base": 0.018,
        "tiers": [
            {
                "limit": 5000,
                "charge": 0.024
            },
            {
                "limit": 10000,
                "charge": 0.0235
            },
            {
                "limit": "Infinity",
                "charge": 0.023
            }
        ]
    },
    "INR>USDT": {
        "base": 0.0802,
        "tiers": [
            {
                "limit": 5000,
                "charge": 0.1
            },
            {
                "limit": 10000,
                "charge": 0.095
            },
            {
                "limit": "Infinity",
                "charge": 0.09
            }
        ]
    }
}