{
    "exchangeRate_USD": 1,
    "exchangeRate_SGD": 1.2917264036,
    "exchangeRate_THB": 32.8704924636,
    "exchangeRate_MYR": 4.2747452362,
    "exchangeRate_INR": 85.99626251,
    "exchangeRate_JPY": 143.9973338734,
    "exchangeRate_EUR": 0.8866707237,
    "exchangeRate_HKD": 7.8272098722,
    "exchangeRate_CNY": 7.2049624662,
    "exchangeRate_RMB": 1,
    "exchangeRate_AUD": 1.5592575087,
    "exchangeRate_GBP": 0.7447612405,
    "exchangeRate_PHP": 55.751770875,
    "exchangeRate_USDT": 1
}